"date","value","volume"
"2007-11-14","40","100"
"2009-05-08","45","50"
"2009-11-03","50","104"
"2009-11-04","57","6"
"2009-11-05","65","7"
"2009-11-06","74","8"
"2009-11-17","85","9"
"2009-11-18","97","10"
"2009-11-27","111","11"
"2009-12-01","127","12"
"2009-12-10","146","13"
"2009-12-23","167","24"
"2010-05-06","192","18222"
"2010-05-07","200","722"
"2010-05-10","200","50"
"2010-06-15","200","298"
"2010-06-25","200","680"
"2010-08-16","180","1"
"2010-08-20","207","1337"
"2010-09-03","180","5"
"2010-09-07","200","155"
"2010-09-08","200","260"
"2010-10-29","171","225"
"2010-12-20","150","310"
"2012-04-26","341","2"
"2012-05-09","392","5"
"2012-05-09","392","5"
"2012-06-08","450","2"
"2013-02-28","517.5","2"
"2015-12-09","500","420"
"2016-07-19","500","162"
"2017-12-15","576.15","53"
"2017-12-18","662.57","10220"
"2017-12-19","761.95","43"
"2017-12-20","876.24","100"
"2017-12-21","1007","200"
"2017-12-22","1158","1500"
"2017-12-25","1331","1"
"2017-12-26","1530","1000"
"2017-12-27","1759","17617"
"2017-12-28","1858","24960"
"2018-01-02","1751","7155"
"2018-01-03","1660","3602"
"2018-01-04","1585","7800"
"2018-01-05","1597","1685"
"2018-01-08","1490","2741"
"2018-01-09","1537","13611"
"2018-01-10","1636","2605"
"2018-01-12","1656","2982"
"2018-01-15","1665","2745"
"2018-01-16","1658","1760"
"2018-01-17","1552","8927"
"2018-01-18","1534","4487"
"2018-01-19","1704","5764"
"2018-01-22","1681","5310"
"2018-01-23","1738","6460"
"2018-01-24","1727","231"
"2018-01-25","1617","1050"
"2018-01-29","1658","1077"
"2018-01-30","1594","5000"
"2018-01-31","1690","10"
"2018-02-01","1567","1000"
"2018-02-05","1655","1424"
"2018-02-06","1551","2113"
"2018-02-07","1501","709"
"2018-02-08","1435","2012"
"2018-02-09","1410","4560"
"2018-02-13","1420","4820"
"2018-02-14","1430","2932"
"2018-02-15","1430","520"
"2018-02-20","1404","4507"
"2018-02-21","1400","1200"
"2018-02-23","1400","1348"
"2018-02-26","1419","3809"
"2018-02-27","1330","3000"
"2018-02-28","1400","2017"
"2018-03-01","1335","735"
"2018-03-02","1352","800"
"2018-03-05","1414","1378"
"2018-03-06","1391","260"
"2018-03-07","1450","353"
"2018-03-09","1450","18"
"2018-03-13","1400","35"
"2018-03-14","1469","1699"
"2018-03-15","1447","6500"
"2018-03-16","1461","7000"
"2018-03-19","1579","5900"
"2018-03-20","1756","8550"
"2018-03-21","1946","7495"
"2018-03-22","1790","1780"
"2018-03-23","1850","615"
"2018-03-26","1747","11945"
"2018-03-27","1746","1077"
"2018-03-28","1720","1751"
"2018-03-29","1710","600"
"2018-03-30","1709","5176"
"2018-04-02","1710","1120"
"2018-04-03","1700","3560"
"2018-04-04","1700","100"
"2018-04-05","1610","5900"
"2018-04-06","1580","2891"
"2018-04-09","1725","3857"
"2018-04-10","1700","499"
"2018-04-11","1700","637"
"2018-04-12","1767","4157"
"2018-04-13","1785","12"
"2018-04-16","1800","2180"
"2018-04-17","1801","5194"
"2018-04-18","1831","9858"
"2018-04-19","1619","26035"
"2018-04-20","1596","9474"
"2018-04-23","1598","15180"
"2018-04-24","1523","15109"
"2018-04-25","1531","70211"
"2018-04-26","1505","54733"
"2018-04-27","1600","6609"
"2018-04-30","1700","38477"
"2018-05-01","1690","1469"
"2018-05-02","1616","10359"
"2018-05-03","1590","6175"
"2018-05-04","1598","3066"
"2018-05-07","1511","3636"
"2018-05-08","1560","1703"
"2018-05-09","1580","1002"
"2018-05-10","1530","6919"
"2018-05-11","1549","4575"
"2018-05-14","1580","1578"
"2018-05-15","1521","1100"
"2018-05-16","1551","200"
"2018-05-17","1590","60"
"2018-05-18","1489","6943"
"2018-05-21","1497","1460"
"2018-05-22","1500","7800"
"2018-05-23","1530","590"
"2018-05-24","1493","2309"
"2018-05-25","1490","2457"
"2018-05-28","1490","25"
"2018-05-29","1486","1298"
"2018-05-30","1492","4424"
"2018-05-31","1500","9464"
"2018-06-04","1497","3237"
"2018-06-05","1500","1174"
"2018-06-07","1500","7707"
"2018-06-08","1460","2326"
"2018-06-11","1500","43"
"2018-06-12","1465","77"
"2018-06-14","1500","1000"
"2018-06-15","1470","205"
"2018-06-18","1470","2434"
"2018-06-19","1470","1630"
"2018-06-20","1490","2928"
"2018-06-21","1500","746"
"2018-06-22","1455","1521"
"2018-06-25","1435","1104"
"2018-06-27","1411","2101"
"2018-06-28","1428","150"
"2018-06-29","1490","964"
"2018-07-02","1490","4"
"2018-07-03","1490","2369"
"2018-07-04","1490","1100"
"2018-07-05","1494","13000"
"2018-07-06","1490","3732"
"2018-07-09","1422","600"
"2018-07-16","1440","1100"
"2018-07-17","1490","7916"
"2018-07-20","1490","235"
"2018-07-24","1460","7593"
"2018-07-25","1423","3000"
"2018-07-26","1546","6389"
"2018-07-27","1430","3"
"2018-07-31","1544","102"
"2018-08-02","1422","1800"
"2018-08-03","1500","53"
"2018-08-06","1515","1659"
"2018-08-07","1617","1650"
"2018-08-09","1600","5090"
"2018-08-10","1618","2"
"2018-08-14","1600","300"
"2018-08-16","1599","110"
"2018-08-17","1460","1"
"2018-08-20","1460","509"
"2018-08-21","1500","82"
"2018-08-22","1501","66"
"2018-08-24","1505","520"
"2018-08-27","1500","993"
"2018-08-28","1575","4340"
"2018-08-29","1633","4"
"2018-08-31","1470","250"
"2018-09-03","1470","100"
"2018-09-05","1597","3773"
"2018-09-10","1552","919"
"2018-09-11","1609","16062"
"2018-09-12","1609","1614"
"2018-09-13","1610","600"
"2018-09-14","1613","9888"
"2018-09-17","1678","1515"
"2018-09-18","1600","245"
"2018-09-19","1601","271"
"2018-09-20","1623","880"
"2018-09-21","1615","100"
"2018-09-24","1627","3358"
"2018-09-25","1620","120"
"2018-09-26","1600","600"
"2018-09-27","1533","739"
"2018-09-28","1670","5716"
"2018-10-01","1822","16993"
"2018-10-02","1799","17"
"2018-10-03","1650","1000"
"2018-10-04","1789","3862"
"2018-10-05","1824","831"
"2018-10-08","1797","2238"
"2018-10-09","1800","17"
"2018-10-10","1700","8052"
"2018-10-11","1653","17"
"2018-10-12","1650","1000"
"2018-10-15","1602","2001"
"2018-10-16","1653","5234"
"2018-10-18","1721","1305"
"2018-10-19","1724","1"
"2018-10-24","1617","846"
"2018-10-25","1630","1830"
"2018-10-29","1611","356"
"2018-11-01","1601","1005"
"2018-11-02","1600","995"
"2018-11-05","1600","1000"
"2018-11-06","1680","400"
"2018-11-07","1585","20"
"2018-11-13","1422","3000"
"2018-11-14","1440","3858"
"2018-11-15","1380","1410"
"2018-11-16","1385","3300"
"2018-11-19","1450","1000"
"2018-11-20","1450","800"
"2018-11-21","1334","5152"
"2018-11-27","1530","3997"
"2018-11-28","1607","8942"
"2018-11-29","1669","6519"
"2018-11-30","1783","26428"
"2018-12-03","1796","9072"
"2018-12-03","1796","9072"
"2018-12-04","1550","1002"
"2018-12-05","1779","12226"
"2018-12-06","1792","15619"
"2018-12-07","1778","7744"
"2018-12-10","1733","1763"
"2018-12-11","1894","5847"
"2018-12-12","1708","8010"
"2018-12-13","1830","12"
"2018-12-14","1751","5101"
"2018-12-17","1707","13302"
"2018-12-18","1890","1102"
"2018-12-19","1898","1510"
"2018-12-20","1940","14616"
"2018-12-21","1991","5244"
"2018-12-24","1923","2100"
"2018-12-25","1987","3890"
"2018-12-26","1927","1500"
"2018-12-27","1960","7788"
"2018-12-28","2042","11061"
"2018-12-31","2341","10554"
"2019-01-02","2250","2024"
"2019-01-03","2200","3725"
"2019-01-04","2199","198"
"2019-01-07","2200","547"
"2019-01-08","2100","70"
"2019-01-09","2190","1"
"2019-01-11","2170","240"
"2019-01-18","1910","1240"
"2019-01-21","1900","632"
"2019-01-23","2000","5"
"2019-01-25","1900","182"
"2019-01-28","1900","10"
"2019-01-29","1700","220"
"2019-01-30","1740","1005"
"2019-01-31","1850","50"
"2019-02-01","1700","687"
"2019-02-02","1700","1000"
"2019-02-15","1790","10"
"2019-02-18","1790","40"
"2019-02-19","1790","640"
"2019-02-20","1800","260"
"2019-02-21","1800","400"
"2019-02-26","1850","36"
"2019-02-28","1700","830"
"2019-03-01","1660","941"
"2019-03-06","1800","1100"
"2019-03-07","1800","1"
"2019-03-11","1850","1605"
"2019-03-12","1840","25"
"2019-03-14","1699","174"
"2019-03-15","1699","9"
"2019-03-18","1699","10"
"2019-03-19","1699","21"
"2019-03-20","1502","1113"
"2019-03-21","1559","2077"
"2019-03-22","1699","165"
"2019-03-25","1531","241"
"2019-03-26","1685","30"
"2019-03-27","1682","2"
"2019-03-28","1804","4055"
"2019-03-29","1978","42833"
"2019-04-01","1887","413"
"2019-04-02","1850","100"
"2019-04-03","1998","49"
"2019-04-04","1800","195"
"2019-04-05","1820","408"
"2019-04-08","1849","1200"
"2019-04-09","1844","96"
"2019-04-10","1749","1048"
"2019-04-12","1839","5"
"2019-04-15","1845","261"
"2019-04-16","1845","1365"
"2019-04-18","1980","1625"
"2019-04-19","1973","899"
"2019-04-22","1939","1"
"2019-04-23","1938","479"
"2019-04-24","1909","4457"
"2019-04-25","1920","8616"
"2019-04-26","1947","9404"
"2019-04-29","1907","557"
"2019-04-30","1999","4467"
"2019-05-01","2000","6"
"2019-05-02","2000","4"
"2019-05-03","1911","140"
"2019-05-06","1900","1185"
"2019-05-08","1905","639"
"2019-05-09","1907","3000"
"2019-05-10","2058","600"
"2019-05-14","2065","15"
"2019-05-15","1911","6259"
"2019-08-08","2033","69625"
"2019-08-09","1945","32829"
"2019-08-12","1930","10053"
"2019-08-13","1857","2631"
"2019-08-14","1710","4139"
"2019-08-15","1600","5935"
"2019-08-16","1499","19265"
"2019-08-19","1372","18881"
"2019-08-20","1398","30273"
"2019-08-21","1395","3908"
"2019-08-22","1355","97472"
"2019-08-23","1352","3703"
"2019-08-26","1299","4935"
"2019-08-27","1299","9202"
"2019-08-28","1298","2218"
"2019-08-29","1268","13084"
"2019-08-30","1294","8662"
"2019-09-02","1382","10041"
"2019-09-04","1496","11424"
"2019-09-05","1557","7691"
"2019-09-06","1498","11129"
"2019-09-07","1499","3096"
"2019-09-07","1499","3096"
"2019-09-09","1499","4272"
"2019-09-10","1448","6798"
"2019-09-11","1468","3875"
"2019-09-12","1408","3793"
"2019-09-13","1447","3808"
"2019-09-16","1438","2972"
"2019-09-17","1398","4021"
"2019-09-18","1399","36918"
"2019-09-19","1397","53235"
"2019-09-20","1395","61580"
"2019-09-23","1399","62745"
"2019-09-24","1349","173186"
"2019-09-25","1299","149649"
"2019-09-26","1404","30198"
"2019-09-27","1409","1233"
"2019-09-30","1406","3558"
"2019-10-01","1350","274"
"2019-10-03","1398","987"
"2019-10-04","1329","1458"
"2019-10-07","1300","1982"
"2019-10-08","1314","2048"
"2019-10-09","1300","1846"
"2019-10-10","1300","15"
"2019-10-11","1254","1649"
"2019-10-14","1249","3052"
"2019-10-15","1250","275"
"2019-10-16","1292","18022"
"2019-10-17","1300","3400"
"2019-10-18","1346","20026"
"2019-10-21","1396","2883"
"2019-10-22","1400","20062"
"2019-10-23","1397","6946"
"2019-10-24","1408","10644"
"2019-10-25","1468","78125"
"2019-10-28","1472","38194"
"2019-10-29","1495","15833"
"2019-10-30","1517","21451"
"2019-10-31","1524","21613"
"2019-11-01","1539","39524"
"2019-11-04","1731","19141"
"2019-11-05","1777","18414"
"2019-11-06","1747","30830"
"2019-11-07","1744","15514"
"2019-11-08","1763","30802"
"2019-11-11","1750","8453"
"2019-11-12","1708","16399"
"2019-11-13","1750","16313"
"2019-11-14","1750","4906"
"2019-11-15","1724","16994"
"2019-11-18","1748","25970"
"2019-11-19","1730","26239"
"2019-11-20","1707","9307"
"2019-11-21","1720","1108"
"2019-11-22","1722","4365"
"2019-11-25","1721","15117"
"2019-11-28","1724","5749"
"2019-11-29","1725","20352"
"2019-12-02","1720","1682"
"2019-12-03","1731","18806"
"2019-12-04","1716","2795"
"2019-12-05","1720","1644"
"2019-12-06","1709","7563"
"2019-12-09","1720","5354"
"2019-12-10","1728","3693"
"2019-12-11","1730","19231"
"2019-12-12","1881","29781"
"2019-12-13","1899","19769"
"2019-12-16","1896","16506"
"2019-12-17","1897","11812"
"2019-12-18","1893","25401"
"2019-12-19","1886","13327"
"2019-12-20","1870","15795"
"2019-12-23","1815","9575"
"2019-12-24","1818","20628"
"2019-12-25","1820","9690"
"2019-12-26","1805","21354"
"2019-12-27","1769","7362"
"2019-12-30","1765","14919"
"2019-12-31","1766","15616"
"2020-01-02","1740","1288"
"2020-01-03","1752","3001"
"2020-01-06","1727","703"
"2020-01-07","1724","388"
"2020-01-08","1739","1656"
"2020-01-09","1739","520"
"2020-01-13","1659","1672"
"2020-01-14","1703","6539"
"2020-01-15","1705","6464"
"2020-01-16","1698","18078"
"2020-01-17","1670","6629"
"2020-01-20","1698","6759"
"2020-01-21","1686","442741"
"2020-01-22","1699","6726"
"2020-01-23","1675","3339"
"2020-01-24","1650","2349"
"2020-01-27","1600","1131"
"2020-01-28","1643","11511"
"2020-01-29","1612","828"
"2020-01-30","1599","5697"
"2020-01-31","1578","942"
"2020-02-03","1511","1036"
"2020-02-04","1530","11"
"2020-02-05","1530","20"
"2020-02-06","1530","301"
"2020-02-07","1525","972"
"2020-02-10","1530","245"
"2020-02-11","1530","1632"
"2020-02-12","1530","2317"
"2020-02-13","1500","133"
"2020-02-14","1475","3289"
"2020-02-17","1482","599"
"2020-02-18","1490","612"
"2020-02-19","1474","587"
"2020-02-20","1490","246"
"2020-02-21","1521","2075"
"2020-02-27","1519","6170"
"2020-02-28","1500","1496"
"2020-03-02","1470","2207"
"2020-03-03","1470","108"
"2020-03-04","1474","3290"
"2020-03-05","1474","46"
"2020-03-06","1469","4654"
"2020-03-09","1466","2148"
"2020-03-10","1450","6998"
"2020-03-11","1454","11124"
"2020-03-12","1454","7513"
"2020-03-13","1583","18465"
"2020-03-16","1549","1673"
"2020-03-17","1543","23624"
"2020-03-18","1499","17241"
"2020-03-19","1488","15221"
"2020-03-20","1509","22529"
"2020-03-23","1490","1110"
"2020-03-24","1500","3049"
"2020-03-26","1516","26603"
"2020-03-27","1550","14404"
"2020-03-30","1536","6791"
"2020-03-31","1517","304313"
"2020-04-01","1452","1671"
"2020-04-02","1501","31560"
"2020-04-03","1519","2352"
"2020-04-06","1510","3327"
"2020-04-07","1515","16912"
"2020-04-08","1519","2603"
"2020-04-09","1510","809"
"2020-04-10","1513","3121"
"2020-04-13","1502","3610"
"2020-04-14","1509","5593"
"2020-04-15","1509","4688"
"2020-04-16","1509","3671"
"2020-04-17","1508","5789"
"2020-04-20","1504","7183"
"2020-04-21","1503","5130"
"2020-04-22","1494","5569"
"2020-04-23","1502","4448"
"2020-04-24","1440","142"
"2020-04-27","1440","20"
"2020-04-28","1435","1336"
"2020-04-29","1480","6184"
"2020-05-01","1500","24"
"2020-05-04","1497","704"
"2020-05-05","1499","30790"
"2020-05-06","1498","1008"
"2020-05-07","1485","23751"
"2020-05-08","1391","47"
"2020-05-11","1360","3351"
"2020-05-12","1389","220"
"2020-05-13","1351","378"
"2020-05-14","1330","92"
"2020-05-15","1330","1020"
"2020-05-18","1345","81989"
"2020-05-19","1337","224"
"2020-05-20","1345","92886"
"2020-05-21","1334","1752"
"2020-05-22","1350","233"
"2020-05-25","1334","246"
"2020-05-26","1343","665"
"2020-05-27","1331","141"
"2020-05-28","1313","750"
"2020-05-29","1350","349"
"2020-06-02","1315","875"
"2020-06-03","1350","1203"
"2020-06-04","1391","4535"
"2020-06-08","1396","767"
"2020-06-09","1395","202"
"2020-06-10","1360","1457"
"2020-06-11","1395","7"
"2020-06-12","1350","906"
"2020-06-15","1341","2391"
"2020-06-16","1350","6"
"2020-06-17","1335","1103"
"2020-06-18","1312","1421"
"2020-06-19","1319","315"
"2020-06-22","1277","1862"
"2020-06-23","1319","162"
"2020-06-25","1319","6"
"2020-06-26","1250","2021"
"2020-06-29","1308","1627"
"2020-06-30","1299","6132"
"2020-07-01","1238","406"
"2020-07-02","1285","813"
"2020-07-03","1279","102"
"2020-07-06","1210","1620"
"2020-07-07","1170","5803"
"2020-07-08","1167","5893"
"2020-07-10","1130","851"
"2020-07-16","1146","1599"
"2020-07-17","1170","1362"
"2020-07-20","1210","2418"
"2020-07-21","1270","5345"
"2020-07-22","1240","3753"
"2020-07-23","1299","2870"
"2020-07-24","1302","2107"
"2020-07-27","1312","80"
"2020-07-28","1340","15497"
"2020-07-29","1270","856"
"2020-07-30","1298","512"
"2020-07-31","1250","57"
"2020-08-03","1250","524"
"2020-08-04","1243","14"
"2020-08-05","1240","38"
"2020-08-06","1240","65"
"2020-08-07","1249","135"
"2020-08-10","1244","166"
"2020-08-11","1238","1267"
"2020-08-12","1237","1733"
"2020-08-13","1238","793"
"2020-08-14","1199","4209"
"2020-08-17","1109","14135"
"2020-08-18","1184","6832"
"2020-08-19","1158","1348"
"2020-08-20","1098","5980"
"2020-08-21","1130","12830"
"2020-08-24","1100","255"
"2020-08-25","1033","3901"
"2020-08-26","1100","1681"
"2020-08-27","1044","1616"
"2020-08-28","1020","2000"
"2020-08-31","1029","1663"
"2020-09-01","1057","526"
"2020-09-02","1055","78"
"2020-09-03","1031","14103"
"2020-09-04","1022","3356"
"2020-09-07","1054","1860"
"2020-09-08","1046","93314"
"2020-09-09","1046","627"
"2020-09-10","1050","90079"
"2020-09-11","1050","4075"
"2020-09-14","1050","29621"
"2020-09-15","1097","52861"
"2020-09-16","1197","12116"
"2020-09-17","1260","19972"
"2020-09-18","1306","6077"
"2020-09-21","1308","3451"
"2020-09-22","1318","10855"
"2020-09-23","1327","16017"
"2020-09-24","1389","1156"
"2020-09-25","1449","1741"
"2020-09-28","1423","9828"
"2020-09-29","1405","10461"
"2020-09-30","1380","6427"
"2020-10-01","1347","2072"
"2020-10-02","1346","118"
"2020-10-05","1344","222759"
"2020-10-06","1349","1222"
"2020-10-07","1348","23299"
"2020-10-08","1376","10033"
"2020-10-09","1370","963"
"2020-10-12","1368","6878"
"2020-10-13","1368","8628"
"2020-10-14","1380","3138"
"2020-10-16","1380","3072"
"2020-10-19","1380","5034"
"2020-10-20","1378","696"
"2020-10-21","1378","549"
"2020-10-22","1378","110"
"2020-10-23","1392","19025"
"2020-10-26","1379","5528"
"2020-10-27","1388","3887"
"2020-10-28","1398","3709"
"2020-10-29","1371","6966"
"2020-10-30","1350","66809"
"2020-11-02","1358","1041"
"2020-11-03","1380","4332"
"2020-11-04","1398","14322"
"2020-11-05","1397","5947"
"2020-11-06","1400","17356"
"2020-11-09","1401","2769"
"2020-11-10","1422","6988"
"2020-11-11","1420","720"
"2020-11-12","1383","324"
"2020-11-13","1399","1974"
"2020-11-17","1397","145"
"2020-11-18","1394","1258"
"2020-11-19","1407","1557"
"2020-11-20","1400","362"
"2020-11-23","1399","29"
"2020-11-24","1406","1232"
"2020-11-25","1406","176"
"2020-11-27","1399","1197"
"2020-11-30","1401","1227"
"2020-12-01","1400","1145"
"2020-12-02","1399","280"
"2020-12-03","1380","308"
"2020-12-04","1392","43"
"2020-12-07","1390","64388"
"2020-12-08","1379","1064"
"2020-12-09","1379","111626"
"2020-12-10","1380","298"
"2020-12-11","1379","719"
"2020-12-14","1449","8330"
"2020-12-15","1448","34036"
"2020-12-16","1420","867"
"2020-12-17","1502","102392"
"2020-12-18","1635","38494"
"2020-12-21","1658","11786"
"2020-12-22","1691","15680"
"2020-12-23","1700","9037"
"2020-12-24","1627","26431"
"2020-12-25","1674","82874"
"2020-12-28","1693","44483"
"2020-12-30","1784","101277"
"2020-12-31","1758","9482"
"2021-01-04","1696","3945"
"2021-01-05","1699","1419"
"2021-01-06","1677","2962"
"2021-01-07","1694","2004"
"2021-01-08","1660","2904"
"2021-01-11","1649","2498"
"2021-01-12","1650","507"
"2021-01-13","1628","3898"
"2021-01-14","1639","4045"
"2021-01-15","1727","59703"
"2021-01-18","1983","68603"
"2021-01-19","2237","75884"
"2021-01-20","2459","65945"
"2021-01-21","2771","114668"
"2021-01-22","3173","90631"
"2021-01-25","3198","36032"
"2021-01-26","3108","148406"
"2021-01-27","3110","79800"
"2021-01-28","3000","204488"
"2021-01-29","3000","217024"
"2021-02-01","3000","249502"
"2021-02-02","3000","152034"
"2021-02-03","3000","212807"
"2021-02-04","3001","587904"
"2021-02-05","3164","207864"
"2021-02-08","3432","78110"
"2021-02-09","3494","182707"
"2021-02-10","3529","69490"
"2021-02-11","4005","79410"
"2021-02-15","4345","29434"
"2021-02-16","4996","73153"
"2021-02-17","5595","47519"
"2021-02-18","6400","36116"
"2021-02-19","6825","64452"
"2021-02-22","7270","126542"
"2021-02-23","8245","114282"
"2021-02-24","9475","47385"
"2021-02-25","10680","68618"
"2021-02-26","10580","134390"
"2021-03-01","9550","66289"
"2021-03-02","9590","156979"
"2021-03-03","10120","35970"
"2021-03-04","9930","59240"
"2021-03-05","9910","33085"
"2021-03-09","9920","15893"
"2021-03-10","9955","22087"
"2021-03-11","9920","26269"
"2021-03-12","10000","42758"
"2021-03-15","10090","44875"
"2021-03-16","9980","11572"
"2021-03-17","9990","38221"
"2021-03-18","10590","64527"
"2021-03-19","10980","53055"
"2021-03-22","10790","149214"
"2021-03-23","10340","21410"
"2021-03-24","10370","29270"
"2021-03-25","10190","7865"
"2021-03-26","10190","6554"
"2021-03-29","10230","8898"
"2021-03-30","10230","14267"
"2021-03-31","10180","11557"
"2021-04-01","10020","4636"
"2021-04-02","10000","1591"
"2021-04-05","9995","19258"
"2021-04-06","9990","112632"
"2021-04-07","9985","110219"
"2021-04-07","9985","110219"
"2021-04-08","9925","130155"
"2021-04-09","9935","103806"
"2021-04-12","9990","102214"
"2021-04-13","9990","99024"
"2021-04-14","9970","96000"
"2021-04-15","9970","78831"
"2021-04-16","10450","216716"
"2021-04-19","11980","370514"
"2021-04-20","12500","144205"
"2021-04-21","12470","9009"
"2021-04-22","12750","7181"
"2021-04-23","12730","3803"
"2021-04-26","11430","6116"
"2021-04-27","11240","9926"
"2021-04-28","11190","5358"
"2021-04-29","11080","7513"
"2021-04-30","11150","12652"
"2021-05-03","12470","108273"
"2021-05-04","11880","50785"
"2021-05-05","11850","49812"
"2021-05-06","11990","55377"
"2021-05-07","11980","17389"
"2021-05-10","11740","5835"
"2021-05-11","11630","5590"
"2021-05-12","11380","2483"
"2021-05-13","11090","3364"
"2021-05-14","11070","11192"
"2021-05-17","10960","7982"
"2021-05-18","11030","5797"
"2021-05-19","10750","9714"
"2021-05-20","10510","20852"
"2021-05-21","10630","4640"
"2021-05-24","10760","15808"
"2021-05-25","10790","6882"
"2021-05-27","10590","12221"
"2021-05-28","11000","14619"
"2021-05-31","10930","17863"
"2021-06-02","10370","9086"
"2021-06-03","10490","6060"
"2021-06-04","10430","17482"
"2021-06-07","10440","26305"
"2021-06-08","10190","15664"
"2021-06-10","10110","12454"
"2021-06-11","9995","3086"
"2021-06-14","9885","27627"
"2021-06-15","9890","7600"
"2021-06-16","9590","13015"
"2021-06-17","9375","11480"
"2021-06-18","9195","17576"
"2021-06-21","9335","20580"
"2021-06-22","9305","9580"
"2021-06-23","8875","9711"
"2021-06-24","8955","8397"
"2021-06-25","8880","6657"
"2021-06-28","8945","14661"
"2021-06-29","9220","7884"
"2021-06-30","9385","28079"
"2021-07-01","9450","2525"
"2021-07-02","9270","557"
"2021-07-05","9185","3889"
"2021-07-06","9090","4237"
"2021-07-07","9080","18185"
"2021-07-08","8935","12417"
"2021-07-09","8465","10061"
"2021-07-19","8195","11063"
"2021-07-20","8210","16901"
"2021-07-21","8125","18114"
"2021-07-22","8015","17205"
"2021-07-23","7935","10743"
"2021-07-24","8000","11369"
"2021-07-26","7895","33699"
"2021-07-27","7870","35461"
"2021-07-28","7700","20007"
"2021-07-29","7540","19408"
"2021-07-30","7460","27398"
"2021-08-02","7445","13300"
"2021-08-03","7460","9016"
"2021-08-04","7330","6016"
"2021-08-05","7255","8437"
"2021-08-06","7180","8224"
"2021-08-09","7115","22334"
"2021-08-10","6995","13412"
"2021-08-11","6985","9551"
"2021-08-12","6950","4372"
"2021-08-13","6905","7957"
"2021-08-16","6930","2301"
"2021-08-17","6915","1702"
"2021-08-18","6875","5360"
"2021-08-19","6900","2007"
"2021-08-20","6940","2767"
"2021-08-23","7180","7100"
"2021-08-24","8175","8120"
"2021-08-25","9400","6276"
"2021-08-26","10640","23404"
"2021-08-27","10990","40665"
"2021-08-30","11920","16446"
"2021-08-31","11460","18589"
"2021-09-01","11930","55778"
"2021-09-02","11820","38688"
"2021-09-03","11990","8548"
"2021-09-06","12030","13218"
"2021-09-07","12110","11108"
"2021-09-08","12040","32799"
"2021-09-09","11820","19379"
"2021-09-10","11390","17386"
"2021-09-13","10900","149626"
"2021-09-14","10840","150243"
"2021-09-15","10690","149849"
"2021-09-16","10500","25886"
"2021-09-17","11390","57887"
"2021-09-20","11040","2362"
"2021-09-21","10950","17244"
"2021-09-22","10790","1889"
"2021-09-23","10850","10527"
"2021-09-24","10880","1685"
"2021-09-27","10710","2648"
"2021-09-28","10700","12887"
"2021-09-29","10770","3944"
"2021-09-30","10800","4391"
"2021-10-01","10680","5537"
"2021-10-04","10590","2878"
"2021-10-05","10230","4029"
"2021-10-06","9885","3702"
"2021-10-07","10070","18149"
"2021-10-08","9990","5875"
"2021-10-11","9960","4124"
"2021-10-12","9965","3098"
"2021-10-13","9885","2185"
"2021-10-14","9750","2461"
"2021-10-15","9700","6615"
"2021-10-18","9490","15502"
"2021-10-19","9375","4800"
"2021-10-20","9250","3128"
"2021-10-21","9415","4160"
"2021-10-22","9490","2622"
"2021-10-25","9610","3384"
"2021-10-26","9530","2673"
"2021-10-27","9525","3082"
"2021-10-28","9495","1477"
"2021-10-29","9325","4665"
"2021-11-01","9000","7209"
"2021-11-02","9170","9259"
"2021-11-03","9000","36888"
"2021-11-04","9000","50892"
"2021-11-08","9295","46673"
"2021-11-09","9165","8887"
"2021-11-10","8870","7715"
"2021-11-11","9145","3252"
"2021-11-12","9995","7739"
"2021-11-15","9870","4382"
"2021-11-16","9960","3641"
"2021-11-17","9725","4035"
"2021-11-18","9810","1167"
"2021-11-19","9680","3516"
"2021-11-22","9690","2109"
"2021-11-23","9555","2447"
"2021-11-24","9500","908"
"2021-11-25","9520","1397"
"2021-11-29","9430","3028"
"2021-11-30","9295","7169"
"2021-12-01","9215","2468"
"2021-12-02","9175","34474"
"2021-12-03","9180","7823"
"2021-12-06","9140","9954"
"2021-12-07","9045","4446"
"2021-12-08","9125","7073"
"2021-12-09","9120","1575"
"2021-12-10","9120","11794"
"2021-12-13","9110","8210"
"2021-12-14","9160","10655"
"2021-12-15","9120","2902"
"2021-12-16","9115","2606"
"2021-12-17","9005","3111"
"2021-12-20","9090","91208"
"2021-12-21","9040","77656"
"2021-12-22","8990","47369"
"2021-12-23","8990","77673"
"2021-12-24","8985","92252"
"2021-12-27","8990","79991"
"2021-12-28","9070","5095"
"2021-12-30","9080","1841"
"2021-12-31","9785","14312"
"2022-01-03","9060","3945"
"2022-01-04","9060","6839"
"2022-01-05","9025","101129"
"2022-01-06","9080","109438"
"2022-01-07","8990","112118"
"2022-01-10","8995","115471"
"2022-01-11","8985","112509"
"2022-01-12","8990","112526"
"2022-01-13","8990","112454"
"2022-01-14","8840","144671"
"2022-01-17","8470","159787"
"2022-01-18","8700","107159"
"2022-01-19","8730","73752"
"2022-01-20","8680","55877"
"2022-01-21","8380","3028"
"2022-01-24","8105","1645"
"2022-01-25","7870","2529"
"2022-01-26","7765","5324"
"2022-01-27","7560","5623"
"2022-01-28","7410","2580"
"2022-01-31","7360","4685"
"2022-02-01","7115","7507"
"2022-02-07","6295","36557"
"2022-02-08","5600","24081"
"2022-02-09","5345","24755"
"2022-02-10","6045","22322"
"2022-02-11","6950","17769"
"2022-02-14","7990","21497"
"2022-02-15","7840","33011"
"2022-02-16","7290","8482"
"2022-02-18","7120","6809"
"2022-02-21","6915","9864"
"2022-02-22","6425","14279"
"2022-02-23","6185","9084"
"2022-02-24","6005","4144"
"2022-02-25","5925","6685"
"2022-02-28","6150","9129"
"2022-03-01","6070","4366"
"2022-03-02","6065","12930"
"2022-03-03","5975","4276"
"2022-03-04","5960","7359"
"2022-03-07","5815","7390"
"2022-03-09","5600","7257"
"2022-03-10","5535","5865"
"2022-03-11","5395","4544"
"2022-03-14","5000","11568"
"2022-03-15","4905","10918"
"2022-03-16","4750","10359"
"2022-03-17","4800","5108"
"2022-03-18","4855","5880"
"2022-03-21","5065","9462"
"2022-03-22","5505","16478"
"2022-03-23","6160","7863"
"2022-03-24","5930","7396"
"2022-03-25","5695","8007"
"2022-03-28","5485","5987"
"2022-03-29","5305","3353"
"2022-03-30","5130","3983"
"2022-03-31","5155","4315"
"2022-04-01","5215","10285"
"2022-04-04","5295","6564"
"2022-04-05","5175","3702"
"2022-04-06","5190","8790"
"2022-04-07","5085","3618"
"2022-04-08","5140","3726"
"2022-04-11","5090","6256"
"2022-04-12","4990","7490"
"2022-04-13","4929","6410"
"2022-04-14","4998","36741"
"2022-04-15","4899","5050"
"2022-04-18","5010","5008"
"2022-04-19","5055","3385"
"2022-04-20","4978","4299"
"2022-04-21","4963","3084"
"2022-04-22","4981","2464"
"2022-04-25","4954","4558"
"2022-04-26","5000","32130"
"2022-04-27","5315","5275"
"2022-04-28","5325","20336"
"2022-04-29","5245","4061"
"2022-05-02","5015","14062"
"2022-05-03","4783","10693"
"2022-05-04","4732","4666"
"2022-05-05","4717","3572"
"2022-05-06","4684","2127"
"2022-05-09","4616","30329"
"2022-05-10","4544","65939"
"2022-05-11","4465","9893"
"2022-05-12","4270","9719"
"2022-05-13","4239","125279"
"2022-05-16","3872","5887"
"2022-05-17","3693","9511"
"2022-05-18","3705","7862"
"2022-05-19","3762","5574"
"2022-05-20","3995","3996"
"2022-05-23","3967","26759"
"2022-05-24","3882","3166"
"2022-05-25","3758","3810"
"2022-05-26","3739","3924"
"2022-05-27","3687","2785"
"2022-05-30","3355","8517"
"2022-05-31","3275","6738"
"2022-06-02","3256","3078"
"2022-06-03","3215","7880"
"2022-06-06","3577","12283"
"2022-06-07","4095","18510"
"2022-06-08","4526","14745"
"2022-06-09","4723","8128"
"2022-06-10","4477","5050"
"2022-06-13","3973","36697"
"2022-06-15","3605","12877"
"2022-06-16","3757","2895"
"2022-06-17","3696","9022"
"2022-06-20","3627","6123"
"2022-06-21","3548","5083"
"2022-06-22","3464","2201"
"2022-06-23","3433","7813"
"2022-06-24","3349","6219"
"2022-06-27","3486","2158"
"2022-06-28","3443","2560"
"2022-06-29","3339","2271"
"2022-06-30","3323","1749"
"2022-07-01","3324","3966"
"2022-07-04","3322","3093"
"2022-07-05","3328","24416"
"2022-07-06","3319","4233"
"2022-07-07","3364","4398"
"2022-07-08","3590","1875"
"2022-07-18","3495","2932"
"2022-07-19","3435","2816"
"2022-07-20","3478","5796"
"2022-07-21","3407","2109"
"2022-07-22","3450","3056"
"2022-07-25","3475","4554"
"2022-07-26","3417","10338"
"2022-07-27","3481","7816"
"2022-07-28","3495","1454"
"2022-07-29","3404","2236"
"2022-08-01","3444","148585"
"2022-08-02","3440","2614"
"2022-08-03","3481","4968"
"2022-08-04","3444","3310"
"2022-08-05","3408","5228"
"2022-08-08","3404","2023"
"2022-08-09","3387","6621"
"2022-08-10","3343","2355"
"2022-08-11","3342","4993"
"2022-08-12","3308","2345"
"2022-08-15","3327","4280"
"2022-08-16","3301","2419"
"2022-08-17","3307","18692"
"2022-08-18","3339","1346"
"2022-08-19","3301","2038"
"2022-08-22","3291","4734"
"2022-08-23","3289","2252"
"2022-08-24","3266","1797"
"2022-08-25","3226","9668"
"2022-08-26","3199","3241"
"2022-08-29","3279","5513"
"2022-08-30","3273","2018"
"2022-08-31","3220","3727"
"2022-09-01","3235","6112"
"2022-09-02","3188","1634"
"2022-09-05","3221","4141"
"2022-09-06","3191","2179"
"2022-09-07","3178","2313"
"2022-09-08","3180","4889"
"2022-09-09","3197","1178"
"2022-09-12","3197","2966"
"2022-09-13","3188","3098"
"2022-09-14","3138","1970"
"2022-09-15","3104","5479"
"2022-09-16","3170","53384"
"2022-09-19","3167","8320"
"2022-09-20","3141","1982"
"2022-09-21","3157","1049"
"2022-09-22","3159","1163"
"2022-09-23","3165","1671"
"2022-09-26","3166","1821"
"2022-09-27","3159","1762"
"2022-09-28","3143","1638"
"2022-09-29","3124","1797"
"2022-09-30","3127","1865"
"2022-10-03","3059","3944"
"2022-10-04","3085","5876"
"2022-10-05","3087","5224"
"2022-10-06","3152","5628"
"2022-10-07","3164","1638"
"2022-10-10","3170","2645"
"2022-10-11","3193","1021"
"2022-10-12","3598","6328"
"2022-10-13","3473","6802"
"2022-10-14","3568","2488"
"2022-10-17","3491","5331"
"2022-10-18","3497","2539"
"2022-10-19","3498","2436"
"2022-10-20","3546","1928"
"2022-10-21","3548","1864"
"2022-10-24","3539","55375"
"2022-10-25","3532","2171"
"2022-10-26","3499","1960"
"2022-10-27","3501","2033"
"2022-10-28","3521","1164"
"2022-10-31","3443","5702"
"2022-11-01","3412","1774"
"2022-11-02","3425","1906"
"2022-11-03","3529","2518"
"2022-11-04","3503","1621"
"2022-11-07","3497","3180"
"2022-11-08","3455","2815"
"2022-11-09","3472","12268"
"2022-11-10","3402","2612"
"2022-11-11","3400","1969"
"2022-11-14","3380","1800"
"2022-11-15","3395","6784"
"2022-11-16","3382","18540"
"2022-11-17","3372","2948"
"2022-11-18","3286","4289"
"2022-11-21","3399","10976"
"2022-11-22","3433","2630"
"2022-11-23","3328","3004"
"2022-11-25","3436","2965"
"2022-11-28","3350","3031"
"2022-11-29","3383","1597"
"2022-11-30","3312","2595"
"2022-12-01","3300","5753"
"2022-12-02","3344","1139"
"2022-12-05","3338","6448"
"2022-12-06","3309","6458"
"2022-12-07","3322","6197"
"2022-12-08","3819","13420"
"2022-12-09","4391","18908"
"2022-12-12","5045","29336"
"2022-12-13","5035","71183"
"2022-12-14","4444","32659"
"2022-12-15","4305","4708"
"2022-12-16","4808","7940"
"2022-12-19","4817","16833"
"2022-12-20","4791","6206"
"2022-12-21","4682","50387"
"2022-12-22","4592","14318"
"2022-12-23","4542","15275"
"2022-12-26","4564","39272"
"2022-12-27","4676","64379"
"2022-12-28","4732","20994"
"2022-12-30","4880","8297"
"2023-01-02","4590","14869"
"2023-01-03","4499","2746"
"2023-01-04","4587","5804"
"2023-01-05","4498","3341"
"2023-01-06","4475","5938"
"2023-01-09","4424","4074"
"2023-01-10","4341","4344"
"2023-01-11","4369","1429"
"2023-01-12","4398","2413"
"2023-01-13","4327","9394"
"2023-01-16","4099","4418"
"2023-01-17","3981","5552"
"2023-01-18","3909","15272"
"2023-01-19","3918","4689"
"2023-01-20","3961","1284"
"2023-01-23","3913","3952"
"2023-01-24","3930","4215"
"2023-01-25","3725","5657"
"2023-01-26","3671","3446"
"2023-01-27","3692","4564"
"2023-01-30","3717","3745"
"2023-01-31","3879","4214"
"2023-02-01","3911","2989"
"2023-02-02","3863","1856"
"2023-02-03","3834","1364"
"2023-02-06","3790","4680"
"2023-02-07","3877","6876"
"2023-02-08","3811","1540"
"2023-02-09","3806","4241"
"2023-02-10","3721","3323"
"2023-02-13","3777","33257"
"2023-02-14","3689","4771"
"2023-02-15","3611","9560"
"2023-02-16","3622","5024"
"2023-02-17","3649","7749"
"2023-02-20","3751","73868"
"2023-02-24","3737","8319"
"2023-02-27","3782","9741"
"2023-02-28","3748","6125"
"2023-03-01","3590","4820"
"2023-03-02","3690","10604"
"2023-03-03","3698","2216"
"2023-03-06","3556","3307"
"2023-03-07","3568","9930"
"2023-03-09","3542","3853"
"2023-03-10","3519","16548"
"2023-03-13","3414","4455"
"2023-03-14","3489","44844"
"2023-03-15","3475","5770"
"2023-03-16","3446","26542"
"2023-03-17","3339","4377"
"2023-03-20","3348","13707"
"2023-03-21","3331","1948"
"2023-03-22","3380","9248"
"2023-03-23","3380","1358"
"2023-03-24","3389","10123"
"2023-03-27","3330","5841"
"2023-03-28","3353","47741"
"2023-03-29","3362","1634"
"2023-03-30","3361","152286"
"2023-03-31","3346","1239"
"2023-04-03","3354","5475"
"2023-04-04","3319","3402"
"2023-04-05","3290","27814"
"2023-04-06","3308","3387"
"2023-04-07","3151","3613"
"2023-04-10","3097","2386"
"2023-04-11","3287","61558"
"2023-04-12","3114","1870"
"2023-04-13","3278","8140"
"2023-04-14","3159","1703"
"2023-04-17","3183","4268"
"2023-04-18","3127","2254"
"2023-04-19","3251","982"
"2023-04-20","3276","9030"
"2023-04-21","3257","531"
"2023-04-24","3276","3696"
"2023-04-25","3289","8711"
"2023-04-26","3329","18099"
"2023-04-27","3621","5719"
"2023-04-28","3557","9996"
"2023-05-01","3530","3298"
"2023-05-02","3496","4186"
"2023-05-03","3498","2305"
"2023-05-04","3418","3182"
"2023-05-05","3434","3372"
"2023-05-08","3364","2506"
"2023-05-09","3372","8444"
"2023-05-10","3378","3856"
"2023-05-11","3313","1790"
"2023-05-12","3355","1171"
"2023-05-15","3290","747"
"2023-05-16","3248","3606"
"2023-05-17","3246","850"
"2023-05-18","3208","2874"
"2023-05-19","3082","7577"
"2023-05-22","3148","8353"
"2023-05-23","3136","4959"
"2023-05-24","3107","2066"
"2023-05-25","3108","1745"
"2023-05-26","3099","3476"
"2023-05-29","3104","3779"
"2023-05-30","3093","1546"
"2023-05-31","3162","9919"
"2023-06-02","3277","1391"
"2023-06-05","3293","2367"
"2023-06-06","3195","7032"
"2023-06-07","3198","1682"
"2023-06-08","3229","30775"
"2023-06-09","3194","2530"
"2023-06-12","3124","7690"
"2023-06-13","3056","13275"
"2023-06-14","3074","11664"
"2023-06-15","3040","6779"
"2023-06-16","3035","2947"
"2023-06-19","3023","3918"
"2023-06-20","3151","136777"
"2023-06-21","3283","23229"
"2023-06-22","3331","8411"
"2023-06-23","3475","5231"
"2023-06-26","3477","7080"
"2023-06-27","3411","3698"
"2023-06-28","3444","3249"
"2023-06-29","3341","3308"
"2023-06-30","3403","4232"
"2023-07-03","3369","2189"
"2023-07-04","3331","4133"
"2023-07-05","3332","1196"
"2023-07-06","3301","3862"
"2023-07-07","3414","9838"
"2023-07-17","3322","4235"
"2023-07-18","3314","3114"
"2023-07-19","3288","1216"
"2023-07-20","3287","1851"
"2023-07-21","3289","3680"
"2023-07-24","3279","1685"
"2023-07-25","3255","6673"
"2023-07-26","3282","3329"
"2023-07-27","3219","1958"
"2023-07-28","3208","5834"
"2023-07-31","3197","3841"
"2023-08-01","3178","2768"
"2023-08-02","3154","829"
"2023-08-03","3134","853"
"2023-08-04","3074","8746"
"2023-08-07","3148","3217"
"2023-08-08","3142","1449"
"2023-08-09","3085","3620"
"2023-08-10","3075","2844"
"2023-08-11","3080","16552"
"2023-08-14","3056","858"
"2023-08-15","3060","4870"
"2023-08-16","3099","6291"
"2023-08-17","3098","1669"
"2023-08-18","3044","1597"
"2023-08-21","3038","3234"
"2023-08-22","3080","1432"
"2023-08-23","3088","1740"
"2023-08-24","3075","1501"
"2023-08-25","3079","2084"
"2023-08-28","3105","3975"
"2023-08-29","3108","2926"
"2023-08-30","3095","1580"
"2023-08-31","3100","2328"
"2023-09-01","3076","3385"
"2023-09-04","3063","2401"
"2023-09-05","3068","1248"
"2023-09-06","3061","10798"
"2023-09-07","3070","1147"
"2023-09-08","3054","1348"
"2023-09-11","3088","13762"
"2023-09-12","3090","2925"
"2023-09-13","3056","3561"
"2023-09-14","3118","4177"
"2023-09-15","3099","6493"
"2023-09-18","3050","1830"
"2023-09-19","3039","2277"
"2023-09-20","3035","3883"
"2023-09-21","3032","1491"
"2023-09-22","3035","3883"
"2023-09-25","3030","3663"
"2023-09-26","3099","12311"
"2023-09-27","3107","2774"
"2023-09-28","3125","4471"
"2023-09-29","3180","4874"
"2023-10-02","3169","10139"
"2023-10-03","3147","4270"
"2023-10-04","3068","3437"
"2023-10-05","3135","2572"
"2023-10-06","3093","1758"
"2023-10-09","3092","2332"
"2023-10-10","3065","1456"
"2023-10-11","3079","61217"
"2023-10-12","3075","642"
"2023-10-13","3095","1264"
"2023-10-16","3080","51715"
"2023-10-17","3067","5933"
"2023-10-18","3054","438"
"2023-10-19","3044","4252"
"2023-10-20","3094","1123"
"2023-10-23","3079","1390"
"2023-10-24","3062","68873"
"2023-10-25","3080","2793"
"2023-10-26","3100","5591"
"2023-10-27","3079","10400"
"2023-10-30","3068","2632"
"2023-10-31","3095","1869"
"2023-11-01","3079","1357"
"2023-11-02","3083","1684"
"2023-11-03","3089","1125"
"2023-11-06","3089","2294"
"2023-11-07","3041","5372"
"2023-11-08","3050","956"
"2023-11-09","3042","849"
"2023-11-10","3050","557"
"2023-11-13","3040","3110"
"2023-11-15","3033","2149"
"2023-11-16","3035","1551"
"2023-11-17","3033","3101"
"2023-11-20","3031","3694"
"2023-11-21","3021","6251"
"2023-11-22","3030","2621"
"2023-11-23","3022","6616"
"2023-11-24","3030","975"
"2023-11-27","3013","2634"
"2023-11-28","3025","6710"
"2023-11-29","3015","2433"
"2023-11-30","3016","5923"
"2023-12-01","3017","4931"
"2023-12-04","3015","5428"
"2023-12-05","3109","10802"
"2023-12-06","3190","7289"
"2023-12-07","3423","9921"
"2023-12-08","3576","95514"
"2023-12-11","3571","2818"
"2023-12-12","3553","3336"
"2023-12-13","3448","4848"
"2023-12-14","3506","3768"
"2023-12-15","3494","2243"
"2023-12-18","3482","2969"
"2023-12-19","3529","13449"
"2023-12-20","3502","1849"
"2023-12-21","3500","5470"
"2023-12-22","3495","10077"
"2023-12-25","3463","3781"
"2023-12-26","3445","9128"
"2023-12-27","3486","11904"
"2023-12-28","3506","53212"
"2024-01-02","3448","4812"
"2024-01-03","3399","3810"
"2024-01-04","3382","1276"
"2024-01-05","3378","37623"
"2024-01-08","3357","4248"
"2024-01-09","3331","15688"
"2024-01-10","3308","5854"
"2024-01-11","3297","1857"
"2024-01-12","3291","9178"
"2024-01-15","3194","2761"
"2024-01-16","3274","3899"
"2024-01-17","3258","6061"
"2024-01-18","3273","471"
"2024-01-19","3193.07","2276"
"2024-01-22","3110","4215"
"2024-01-23","3141","7977"
"2024-01-24","3173","1883"
"2024-01-25","3087","4104"
"2024-01-26","3090","1367"
"2024-01-29","3073","5079"
"2024-01-30","3082","1483"
"2024-01-31","3082","40043"
"2024-02-01","3028","2526"
"2024-02-02","3029","2679"
"2024-02-05","3020","1328"
"2024-02-06","3028","1870"
"2024-02-07","3027","2191"
"2024-02-08","3073","25614"
"2024-02-09","3080","1482"
"2024-02-13","3075","413"
"2024-02-14","3060","573"
"2024-02-15","3071","520"
"2024-02-16","3083","2767"
"2024-02-19","3025","3616"
"2024-02-20","3059","2212"
"2024-02-21","3053","1319"
"2024-02-22","3048","1163"
"2024-02-23","3043","7570"
"2024-02-26","3036","2443"
"2024-02-27","3032","4244"
"2024-02-28","3032","3026"
"2024-02-29","3022","2993"
"2024-03-01","3021","39537"
"2024-03-04","3020","8716"
"2024-03-05","3026","13815"
"2024-03-06","3019","10037"
"2024-03-07","3010","10573"
"2024-03-11","3009","8400"
"2024-03-12","3007","15089"
"2024-03-13","3004","9873"
"2024-03-14","3006","14219"
"2024-03-15","3004","9390"
"2024-03-18","3004","11897"
"2024-03-19","3004","14651"
"2024-03-20","3003","14494"
"2024-03-21","3003","11974"
"2024-03-22","2984","12267"
"2024-03-25","2958","16865"
"2024-03-26","2999","17015"
"2024-03-27","2992","57530"
"2024-03-28","2988","2722"
"2024-03-29","2987","25205"
"2024-04-01","2933","3170"
"2024-04-02","2933","9797"
"2024-04-03","2916","4525"
"2024-04-04","2905","3745"
"2024-04-05","2912","2473"
"2024-04-08","2917","1450"
"2024-04-09","2912","2678"
"2024-04-10","2911","1355"
"2024-04-11","2911","3014"
"2024-04-12","2882","6837"
"2024-04-15","2864","8734"
"2024-04-16","2873","7661"
"2024-04-17","2844","7739"
"2024-04-18","2840","45828"
"2024-04-19","2819","16387"
"2024-04-22","2822","3261"
"2024-04-23","2836","8467"
"2024-04-24","2834","15424"
"2024-04-25","2819","4604"
"2024-04-26","2811","7700"
"2024-04-29","2814","14991"
"2024-04-30","2782","7252"
"2024-05-01","2815","35947"
"2024-05-02","2768","10852"
"2024-05-03","2812","8948"
"2024-05-06","2824","14113"
"2024-05-07","2798","2641"
"2024-05-08","2798","21470"
"2024-05-09","2801","7096"
"2024-05-10","2807","10272"
"2024-05-13","2788","6874"
"2024-05-14","2787","5792"
"2024-05-15","2786","2539"
"2024-05-16","2788","6965"
"2024-05-17","2794","3956"
"2024-05-20","2791","2361"
"2024-05-21","2789","1942"
"2024-05-22","2789","5996"
"2024-05-24","2799","1533"
"2024-05-27","2794","1747"
"2024-05-28","2772","4158"
"2024-05-29","2773","4232"
"2024-05-30","2836","7993"
"2024-05-31","2829","9075"
"2024-06-03","2791","2850"
"2024-06-04","2773","4411"
"2024-06-05","2765","1152"
"2024-06-06","2787","1159"
"2024-06-07","2775","2373"
"2024-06-10","2760","4118"
"2024-06-11","2768","976"
"2024-06-12","2751","4406"
"2024-06-13","2765","951"
"2024-06-14","2762","3516"
"2024-06-17","2781","8739"
"2024-06-18","2731","4919"
"2024-06-19","2770","7675"
"2024-06-20","2760","4912"
"2024-06-21","2773","1472"
"2024-06-24","2775","5434"
"2024-06-25","2779","7473"
"2024-06-26","2785","4504"
"2024-06-27","2892","5592"
"2024-07-01","2833","3345"
"2024-07-02","2848","4562"
"2024-07-03","2790","15772"
"2024-07-04","2757","7160"
"2024-07-05","2789","4310"
"2024-07-08","2751","4417"
"2024-07-09","2774","1115"
"2024-07-16","2756","2190"
"2024-07-17","2744","1347"
"2024-07-18","2728","2356"
"2024-07-19","2709","8672"
"2024-07-22","2693","6426"
"2024-07-23","2824","15008"
"2024-07-24","2824","4394"
"2024-07-25","2812","6319"
"2024-07-26","2842","1105"
"2024-07-29","2837","6837"
"2024-07-30","2825","2890"
"2024-07-31","2821","5247"
"2024-08-01","2814","3463"
"2024-08-02","2825","4778"
"2024-08-05","2825","2537"
"2024-08-06","2805","5165"
"2024-08-07","2787","2981"
"2024-08-08","2777","5603"
"2024-08-09","2776","1959"
"2024-08-12","2772","4523"
"2024-08-13","2765","2282"
"2024-08-14","2724","9316"
"2024-08-15","2722","1595"
"2024-08-16","2723","4479"
"2024-08-19","2710","5878"
"2024-08-20","2703","4423"
"2024-08-21","2690","2002"
"2024-08-22","2711","5381"
"2024-08-23","2706","3295"
"2024-08-26","2712","6055"
"2024-08-27","2703","6912"
"2024-08-28","2709","2452"
"2024-08-29","2710","5662"
"2024-08-30","2712","2481"
"2024-09-02","2709","5862"
"2024-09-03","2699","4126"
"2024-09-04","2699","5168"
"2024-09-05","2699","17584"
"2024-09-06","2694","4113"
"2024-09-09","2693","3018"
"2024-09-10","2683","12604"
"2024-09-11","2677","4772"
"2024-09-12","2678","4343"
"2024-09-13","2681","2709"
"2024-09-16","2680","5576"
"2024-09-17","2676","3843"
"2024-09-18","2662","5953"
"2024-09-19","2670","3363"
"2024-09-20","2674","7336"
"2024-09-23","2682","2605"
"2024-09-24","2683","15262"
"2024-09-25","2667","3734"
"2024-09-26","2680","25365"
"2024-09-27","2682","32470"
"2024-09-30","2683","29622"
"2024-10-02","2680","7435"
"2024-10-03","2679","4425"
"2024-10-04","2658","3436"
"2024-10-07","2649","3528"
"2024-10-08","2644","2690"
"2024-10-09","2631","2889"
"2024-10-10","2623","10094"
"2024-10-14","2678","6676"
"2024-10-15","2671","2739"
"2024-10-16","2671","60390"
"2024-10-17","2676","1682"
"2024-10-18","2674","1323"
"2024-10-21","2680","28200"
"2024-10-22","2672","2139"
"2024-10-23","2679","1785"
"2024-10-24","2677","1343"
"2024-10-25","2636","3969"
"2024-10-28","2629","6869"
"2024-10-29","2631","8382"
"2024-10-30","2658","1260"
"2024-10-31","2669","1544"
"2024-11-01","2655","1355"
"2024-11-04","2666","3411"
"2024-11-05","2637","3186"
"2024-11-06","2648","6502"
"2024-11-07","2654","3213"
"2024-11-08","2658","6054"
"2024-11-11","2658","6849"
"2024-11-12","2643","5613"
"2024-11-13","2642","4526"
"2024-11-14","2643","5195"
"2024-11-15","2633","2444"
"2024-11-18","2601","15338"
"2024-11-19","2639","5942"
"2024-11-20","2629","7102"
"2024-11-21","2640","5049"
"2024-11-22","2632","7310"
"2024-11-25","2900","15070"
"2024-11-27","3064","13868"
"2024-11-28","3046","11539"
"2024-11-29","3037","5930"
"2024-12-02","3028","6920"
"2024-12-03","3024","6029"
"2024-12-04","3012","5949"
"2024-12-05","2985","8194"
"2024-12-06","2993","15534"
"2024-12-09","2919","4806"
"2024-12-10","2989","7733"
"2024-12-11","2916","1064"
"2024-12-12","2816","5701"
"2024-12-13","2923","1847"
"2024-12-16","2858","3372"
"2024-12-17","2867","3940"
"2024-12-18","2852","990"
"2024-12-19","2839","2264"
"2024-12-20","2865","4394"
"2024-12-23","2850","3217"
"2024-12-24","2874","2158"
"2024-12-25","2842","954"
"2024-12-26","2849","4658"
"2024-12-27","2760","7677"
"2024-12-30","2929","36059"
"2024-12-31","2701","5677"
"2025-01-02","2793","1229"
"2025-01-03","2701","4319"
"2025-01-06","2709","3420"
"2025-01-07","2741","3023"
"2025-01-08","2735","1511"
"2025-01-09","2702","2260"
"2025-01-10","2669","2862"
"2025-01-13","2697","2738"
"2025-01-14","2635","4257"
"2025-01-15","2629","2741"
"2025-01-16","2607","1702"
"2025-01-17","2609","1480"
"2025-01-20","2615","1341"
"2025-01-21","2636","1657"
"2025-01-22","2629","852"
"2025-01-23","2628","899"
"2025-01-24","2596","768"
"2025-01-27","2600","1650"
"2025-01-28","2588","3686"
"2025-01-29","2623","7520"
"2025-01-30","2634","1682"
"2025-01-31","2606","2037"
"2025-02-03","2582","6378"
"2025-02-04","2634","3416"
"2025-02-05","2574","3545"
"2025-02-06","2539","5971"
"2025-02-07","2593","1979"
"2025-02-10","2572","2231"
"2025-02-11","2573","1778"
"2025-02-12","2610","2916"
"2025-02-13","2593","841"
"2025-02-14","2589","1193"
"2025-02-17","2529","815"
"2025-02-18","2516","3777"
"2025-02-19","2580","9320"
"2025-02-20","2596","1521"
"2025-02-21","2552","2252"
"2025-02-24","2592","9817"
"2025-02-25","2570","5378"
"2025-02-26","2580","3735"
"2025-02-27","2580","1972"
"2025-02-28","2603","4128"
"2025-03-06","2567","4400"
"2025-03-07","2559","4594"
"2025-03-10","2551.47","4486"
"2025-03-11","2551","6911"
"2025-03-12","2502","9734"
"2025-03-13","2544","4838"
"2025-03-14","2535","4596"
"2025-03-17","2477","6252"
"2025-03-18","2484","16557"
"2025-03-19","2473","3132"
"2025-03-20","2472","3644"
"2025-03-21","2408","8588"
"2025-03-24","2388","5421"
"2025-03-25","2380","5734"
"2025-03-26","2398","8304"
"2025-03-27","2398","2280"
"2025-03-28","2391","4998"
"2025-03-31","2491","14955"
"2025-04-01","2500","4207"
"2025-04-02","2456","4661"
"2025-04-03","2499","6273"
"2025-04-04","2495","4467"
"2025-04-07","2538","6317"
"2025-04-08","2497","3242"
"2025-04-09","2489","4776"
"2025-04-10","2478","8675"
"2025-04-11","2470","3748"
"2025-04-14","2465","4415"
"2025-04-15","2477","4479"
"2025-04-16","2476","3408"
"2025-04-17","2478","5316"
"2025-04-18","2478","1411"
"2025-04-21","2476","6645"
"2025-04-22","2476","3911"
"2025-04-23","2424","5691"
"2025-04-24","2458","5638"
"2025-04-25","2403","1131"
"2025-04-28","2472","3243"
"2025-04-29","2462","6935"
"2025-04-30","2464","1818"
"2025-05-01","2474","5016"
"2025-05-02","2471","3334"
"2025-05-05","2471","4822"
"2025-05-06","2462","2074"
"2025-05-07","2469","3868"
"2025-05-08","2448","5465"
"2025-05-09","2447","2186"
"2025-05-12","2444","5172"
"2025-05-13","2442","7958"
"2025-05-14","2412","5197"
"2025-05-15","2408","6128"
"2025-05-16","2445","3708"
"2025-05-19","2400","2928"
"2025-05-20","2403","11618"
"2025-05-21","2420","7016"
"2025-05-22","2410","4536"
"2025-05-23","2399","4641"
"2025-05-26","2360","8040"
"2025-05-27","2466","30617"
"2025-05-28","2742","56566"
"2025-05-29","2803","9678"
"2025-05-30","2778","8971"
"2025-06-02","2756","7452"
"2025-06-03","2551","11023"
"2025-06-04","2694","6859"
"2025-06-05","2649","1871"
"2025-06-06","2626","6141"
"2025-06-09","2617","5805"
"2025-06-10","2628","6858"
"2025-06-12","2601","6069"
"2025-06-13","2830","75531"
"2025-06-16","2898","10119"
"2025-06-17","2912","17690"
"2025-06-18","2912","4126"
"2025-06-19","2900","2513"
"2025-06-20","2886","6123"
"2025-06-23","2889","2953"
"2025-06-24","2872","2426"
"2025-06-25","2840","2103"
"2025-06-26","2833","4256"
"2025-06-27","2899","18306"
"2025-06-30","3015","21928"
"2025-07-01","3110","7858"
"2025-07-02","3074","6102"
"2025-07-03","2959","3808"
"2025-07-04","2958","4761"
"2025-07-07","3125","11264"
"2025-07-08","3138","8740"
"2025-07-09","3134","2510"
"2025-07-18","3092","2020"
"2025-07-21","3010","5588"
"2025-07-22","2853","6050"
"2025-07-23","3007","4185"
"2025-07-24","3043","3124"
"2025-07-25","3044","7385"
"2025-07-28","2953","3965"
"2025-07-29","3048","7589"
"2025-07-30","3048","7342"
"2025-07-31","3000","6604"
"2025-08-01","3050","2360"
"2025-08-04","2999","3506"
"2025-08-05","2950","3698"
"2025-08-06","2961","2679"
"2025-08-07","2950","3428"
"2025-08-08","2997","3482"
"2025-08-11","2991","5577"
"2025-08-12","2996","3243"
"2025-08-13","2937","2621"
"2025-08-14","2950","2198"
"2025-08-15","2950","1743"
"2025-08-18","2909","3244"
"2025-08-19","2926","1341"
"2025-08-20","2944","2036"
"2025-08-21","2921","2351"
"2025-08-22","2930","1538"
"2025-08-25","2900","2278"
"2025-08-26","2892","2128"
"2025-08-27","2879","4663"
"2025-08-28","2915","4839"
"2025-08-29","2914","2111"
"2025-09-01","2897","2043"
"2025-09-02","2908","2527"
"2025-09-03","2905","1376"
"2025-09-04","2895","2670"
"2025-09-05","2906","8576"
"2025-09-08","2906","810"
"2025-09-09","2911","1358"
"2025-09-10","2906","1477"
"2025-09-11","2908","2119"
"2025-09-12","2890","4865"
"2025-09-15","2903","2235"
"2025-09-16","2881","6706"
"2025-09-17","2856","7191"
"2025-09-18","2898","3443"
"2025-09-19","2921","3715"
"2025-09-22","2888","2019"
"2025-09-23","2929","5174"
"2025-09-24","2900","443"
"2025-09-25","2911","1249"
"2025-09-26","2891","744"
"2025-09-29","2917","2611"
"2025-09-30","3099","12655"
"2025-10-01","3064","1962"
"2025-10-02","3018","2104"
"2025-10-03","3100","7919"
"2025-10-06","3087","1864"
"2025-10-07","3027","1236"
"2025-10-08","2995","2758"
"2025-10-09","2982","3534"
"2025-10-10","3017","6952"
"2025-10-13","3048","2616"
"2025-10-14","3019","1639"
"2025-10-15","2966","2296"
"2025-10-16","3038","4141"
"2025-10-17","3034","2627"
"2025-10-20","3026","1510"
"2025-10-21","3034","3758"
"2025-10-22","3024","2425"
"2025-10-23","2990","3969"
"2025-10-24","2937","1940"
"2025-10-27","2937","3162"
"2025-10-28","2992","5409"
"2025-10-29","2949","1570"
"2025-10-30","2943","4661"
"2025-10-31","2988","2885"
"2025-11-03","2974","5202"
"2025-11-04","2932","7137"
"2025-11-05","2933","2671"
"2025-11-06","2957","2684"
"2025-11-07","2956","2929"
"2025-11-10","2891","4692"
"2025-11-11","2951","3739"
"2025-11-12","2891","3327"
"2025-11-13","2943","2978"
"2025-11-14","2939","1845"
"2025-11-17","2931","3592"
"2025-11-18","2920","2837"
"2025-11-19","2909","1244"
"2025-11-20","2910","4277"
"2025-11-24","2883","2033"
